dropped,dropped_n,spec,RR,lo,hi,p
Chinese Academy Of Sciences,1467,H1 OA + lc,1.2930670076142152,1.1278213118919997,1.4825241095820805,0.0007138545806145215
Chinese Academy Of Sciences,1467,H2a OA x lc_c,1.1413220345211774,0.9987743088749949,1.3042145506834353,0.05197756588796004
Chinese Academy Of Sciences,1467,H3 Green/Gold M1,1.2353812537088504,1.0091653510401197,1.5123060264031776,0.041236752592207174
Tsinghua University,772,H1 OA + lc,1.3346108868016584,1.195879865211401,1.4894357460016612,1.4133218834124885e-05
Tsinghua University,772,H2a OA x lc_c,1.130778992735974,1.0169660050229192,1.2573292756075627,0.024985663600979376
Tsinghua University,772,H3 Green/Gold M1,1.1214369681368295,0.8722918972294141,1.4417431567327375,0.35582803132284685
Beijing Jiaotong University,586,H1 OA + lc,1.3339162890368974,1.2044454599688859,1.477304473549124,5.258120906072084e-06
Beijing Jiaotong University,586,H2a OA x lc_c,1.1421723206406584,0.9999353575951905,1.304641945230422,0.05010285963852738
Beijing Jiaotong University,586,H3 Green/Gold M1,1.1770561969233846,0.8962804684921296,1.5457898943693285,0.2289334378002851
Tongji University,566,H1 OA + lc,1.3583472960913654,1.2368626484316805,1.4917641656802283,5.599613505226897e-07
Tongji University,566,H2a OA x lc_c,1.1431608727078137,0.9990787826685467,1.3080217531990552,0.05146518206853577
Tongji University,566,H3 Green/Gold M1,1.1788479286621383,0.899456796226269,1.5450241131553173,0.22141842103818266
Southeast University,540,H1 OA + lc,1.3438476307191214,1.2062336264567806,1.4971614246024356,8.186317115149973e-06
Southeast University,540,H2a OA x lc_c,1.1473800455790695,1.0070804545425924,1.3072252202441585,0.039665590111505125
Southeast University,540,H3 Green/Gold M1,1.1651065326976677,0.8897748297678347,1.5256368095835902,0.2535500144191176
Zhejiang University,482,H1 OA + lc,1.364549318060759,1.2353762357005165,1.5072289620046349,1.1371576662818073e-06
Zhejiang University,482,H2a OA x lc_c,1.1208742129386358,1.0107501923541322,1.24299654923105,0.031969541893768286
Zhejiang University,482,H3 Green/Gold M1,1.1586157426207309,0.881605944578786,1.5226649131658878,0.2771212206187914
Shanghai Jiao Tong University,462,H1 OA + lc,1.3063516245343318,1.1776501730168412,1.4491184275477393,1.8623100300215346e-05
Shanghai Jiao Tong University,462,H2a OA x lc_c,1.1646116028093363,1.0263895010681698,1.3214478363102904,0.02012269589865831
Shanghai Jiao Tong University,462,H3 Green/Gold M1,1.1863923068759992,0.8738321250624969,1.610751842882737,0.26001976368349916
Beihang University,459,H1 OA + lc,1.3317090125502948,1.2003805594597825,1.477405544543142,7.254294191185486e-06
Beihang University,459,H2a OA x lc_c,1.1535832073378471,0.9983425935873237,1.3329634784689521,0.052479603114679675
Beihang University,459,H3 Green/Gold M1,1.1754926320976535,0.8954406746078573,1.5431317420564994,0.23198558760688998
Wuhan University Of Technology,410,H1 OA + lc,1.3333658424878134,1.2091103135990837,1.4703906251706491,2.86782097590533e-06
Wuhan University Of Technology,410,H2a OA x lc_c,1.1491675491738313,1.0087756552079996,1.3090978645810976,0.03749490662706043
Wuhan University Of Technology,410,H3 Green/Gold M1,1.1698748955968599,0.8919471447656303,1.534404005191789,0.2442138194759955
Central South University,407,H1 OA + lc,1.31744494679783,1.1979941069825146,1.4488061149273002,3.521053750642106e-06
Central South University,407,H2a OA x lc_c,1.1512944688599682,1.011435979003501,1.3104921928261444,0.034243687377053564
Central South University,407,H3 Green/Gold M1,1.1587834700322583,0.8748398122921622,1.534885714565041,0.2899674946669136
Harbin Institute Of Technology,378,H1 OA + lc,1.3292312081434923,1.2052846793908676,1.4659238891143542,3.400693086807341e-06
Harbin Institute Of Technology,378,H2a OA x lc_c,1.148281133069478,1.0075330950990835,1.3086910663055236,0.0391027506467539
Harbin Institute Of Technology,378,H3 Green/Gold M1,1.1704746323796975,0.8924110764590624,1.5351791356964795,0.24270740128530277
University Of Chinese Academy Of Sciences,362,H1 OA + lc,1.3283831467677651,1.2002251371757315,1.4702256518047454,5.9141690519263454e-06
University Of Chinese Academy Of Sciences,362,H2a OA x lc_c,1.1371289896087657,0.9999869778776018,1.2930791776439745,0.05002142664867725
University Of Chinese Academy Of Sciences,362,H3 Green/Gold M1,1.1689332264827517,0.8883689810836544,1.5381051309430025,0.2519974518144906
Peking University,318,H1 OA + lc,1.3306561264359715,1.1950111294762003,1.4816981056885195,1.2277005783709467e-05
Peking University,318,H2a OA x lc_c,1.138180417452948,1.002499915803928,1.2922242109462039,0.045992319945570403
Peking University,318,H3 Green/Gold M1,1.1300795686486094,0.850133670565027,1.5022106236872577,0.3840561185535173
South China University Of Technology,301,H1 OA + lc,1.3425612961669886,1.2067956671846851,1.4936006840085367,7.105998192435388e-06
South China University Of Technology,301,H2a OA x lc_c,1.148207819101032,1.0114330857334188,1.3034784153701604,0.03396892008363119
South China University Of Technology,301,H3 Green/Gold M1,1.1679536209707462,0.8908933211515386,1.5311773344259307,0.24826733370158324
Wuhan University,299,H1 OA + lc,1.3528706848022518,1.2311584389827326,1.4866153955859644,7.635248242126123e-07
Wuhan University,299,H2a OA x lc_c,1.143667972542263,1.0027005673807354,1.3044536663977757,0.045829300348377684
Wuhan University,299,H3 Green/Gold M1,1.181202251058741,0.8902908439236333,1.5671718601049849,0.2359491638301431
Jilin University,299,H1 OA + lc,1.3489470149315614,1.2035408266396264,1.511920500589405,1.453713876625185e-05
Jilin University,299,H2a OA x lc_c,1.138136645421828,0.9994901738980122,1.2960157663183087,0.05083615243033411
Jilin University,299,H3 Green/Gold M1,1.157886982547559,0.878744258969486,1.5257024449017158,0.2836128970881435
Shandong University,277,H1 OA + lc,1.3466697729327968,1.2142528942860613,1.4935269957887622,4.000468367023562e-06
Shandong University,277,H2a OA x lc_c,1.1456863311730403,1.0085258843105915,1.3015007248267179,0.03757281689717259
Shandong University,277,H3 Green/Gold M1,1.1796137673743414,0.8957735625973677,1.5533932885274637,0.2274733682733376
Sun Yat Sen University,276,H1 OA + lc,1.3479910444450462,1.2308792581813,1.4762454106090748,5.161238638001851e-07
Sun Yat Sen University,276,H2a OA x lc_c,1.1453003611503307,1.0050388716636078,1.3051365019144412,0.04243257508222283
Sun Yat Sen University,276,H3 Green/Gold M1,1.1402782329506247,0.8598373538949386,1.5121865113804671,0.3467329385155947
Huazhong University Of Science And Technology,265,H1 OA + lc,1.3566864568114905,1.225572324197722,1.5018274366636004,2.1166721656015528e-06
Huazhong University Of Science And Technology,265,H2a OA x lc_c,1.142553488906038,1.0056962382189123,1.2980345609358876,0.041341738785272635
Huazhong University Of Science And Technology,265,H3 Green/Gold M1,1.1936703397892747,0.90757617448094,1.5699496308478358,0.19490486264118664
Beijing Institute Of Technology,258,H1 OA + lc,1.3405338805322418,1.215437058298636,1.4785060835402764,2.222951825594368e-06
Beijing Institute Of Technology,258,H2a OA x lc_c,1.1523041133702052,1.0119967462307942,1.3120642676326135,0.03363938496416049
Beijing Institute Of Technology,258,H3 Green/Gold M1,1.1800842792354063,0.9003266361492839,1.5467707498411059,0.21871520705220043
Southwest Jiaotong University,250,H1 OA + lc,1.3247354236551014,1.2011909406165777,1.4609866619422296,4.06340822969684e-06
Southwest Jiaotong University,250,H2a OA x lc_c,1.1520284413583686,1.0133355824105976,1.309703865861912,0.031987025931745405
Southwest Jiaotong University,250,H3 Green/Gold M1,1.1825323888061867,0.9002363940971617,1.553350719594147,0.21673657099342888
Shenzhen University,244,H1 OA + lc,1.3393450718988733,1.2190216612291824,1.4715449927370452,1.265853086030622e-06
Shenzhen University,244,H2a OA x lc_c,1.1443344902117936,1.0061284261152939,1.3015251249229964,0.04081909343410908
Shenzhen University,244,H3 Green/Gold M1,1.1731064598768453,0.8938932721674335,1.5395336435052782,0.2372249495207844
Tianjin University,233,H1 OA + lc,1.3365005981985032,1.2088670697329897,1.4776098164205052,3.7201627381947893e-06
Tianjin University,233,H2a OA x lc_c,1.142813662731849,1.010318700361783,1.2926842463263455,0.034924821230501925
Tianjin University,233,H3 Green/Gold M1,1.17284136017298,0.8971246560172406,1.5332951189182018,0.23141724790894394
Sichuan University,233,H1 OA + lc,1.3402680402780633,1.212629649211502,1.48134133200424,3.0898948694569414e-06
Sichuan University,233,H2a OA x lc_c,1.1425955244471815,1.0065231348326165,1.297063611661382,0.04015252383834855
Sichuan University,233,H3 Green/Gold M1,1.1825461254649798,0.8976931065829884,1.5577877657713275,0.2213300383250074
Fudan University,232,H1 OA + lc,1.3514425029320574,1.2214783119237498,1.4952347666777697,2.3727707428188385e-06
Fudan University,232,H2a OA x lc_c,1.1493616577254837,1.0112777493455536,1.3063000952056696,0.034270333038830605
Fudan University,232,H3 Green/Gold M1,1.1693234049521952,0.885768959873975,1.5436499666499197,0.2564746123476504
Chongqing University,224,H1 OA + lc,1.3380657092512338,1.210895965632859,1.4785909715524301,3.2538800324826e-06
Chongqing University,224,H2a OA x lc_c,1.1481368899327482,1.009048936832914,1.3063968157599122,0.03705573967548227
Chongqing University,224,H3 Green/Gold M1,1.1749939640633031,0.8962098360064997,1.5404995126333139,0.2310357502920063
Dalian University Of Technology,217,H1 OA + lc,1.3344227892343823,1.20416774819904,1.4787675413921935,5.621506467362043e-06
Dalian University Of Technology,217,H2a OA x lc_c,1.1443874321819556,1.0049252914713869,1.3032039357059995,0.042554492533625754
Dalian University Of Technology,217,H3 Green/Gold M1,1.1767043085340163,0.8905016042604162,1.5548911120407132,0.2399327527404559
Soochow University Suzhou,213,H1 OA + lc,1.3341829023671856,1.203114424553372,1.4795301100555973,6.247601945819992e-06
Soochow University Suzhou,213,H2a OA x lc_c,1.1427561298378932,1.0047951601379763,1.2996594968697477,0.0426690909134
Soochow University Suzhou,213,H3 Green/Gold M1,1.1777194475985886,0.8982930715722325,1.5440652289840056,0.22459480461553288
Nanjing University,212,H1 OA + lc,1.3326708243287304,1.2009555195008441,1.4788320609535859,7.235989474840246e-06
Nanjing University,212,H2a OA x lc_c,1.1443969708569897,1.0166466854650025,1.2882001639612266,0.027227622580374183
Nanjing University,212,H3 Green/Gold M1,1.171899653126093,0.9018085870880017,1.5228828120074671,0.22346893307701615
Xi An Jiaotong University,210,H1 OA + lc,1.3588636892573855,1.2347317627609946,1.4954750348797974,7.817876950169503e-07
Xi An Jiaotong University,210,H2a OA x lc_c,1.1277128392379059,1.0206333047777014,1.2460266011591783,0.02025787181184344
Xi An Jiaotong University,210,H3 Green/Gold M1,1.174881999300839,0.9007049702504638,1.5325192575514446,0.2227412434639091
University Of Science And Technology Of China,198,H1 OA + lc,1.3315553821020627,1.188520023434801,1.491804681995107,2.5025428167173407e-05
University Of Science And Technology Of China,198,H2a OA x lc_c,1.1588972550858714,1.0203564269926018,1.3162487267356675,0.025020351199977475
University Of Science And Technology Of China,198,H3 Green/Gold M1,1.1926580595033809,0.9103905370571894,1.562442917625598,0.19074126830467544
Shanghai University,194,H1 OA + lc,1.3460011298809873,1.2190586878784269,1.4861622821407365,2.134927479980198e-06
Shanghai University,194,H2a OA x lc_c,1.1637224116928968,0.9923939882650902,1.3646292374703322,0.061097448715771094
Shanghai University,194,H3 Green/Gold M1,1.1579334851490495,0.8910693566934654,1.5047200826261524,0.25935606843455505
Beijing University Of Technology,176,H1 OA + lc,1.3503046873414168,1.2130099471469244,1.5031391563974976,5.854599091202225e-06
Beijing University Of Technology,176,H2a OA x lc_c,1.1652472158863447,1.0312877760393366,1.316607357982576,0.016261747323423274
Beijing University Of Technology,176,H3 Green/Gold M1,1.1754351061068171,0.895909339371826,1.5421735525573355,0.23116956939019742
